name,money,money_discount,total_sell,link
Áo thun nam Cotton Compact phiên bản Premium chống nhăn Coolmate,259000,149000,"Đã bán 40,1k",https://shopee.vn//Áo-thun-nam-Cotton-Compact-phiên-bản-Premium-chống-nhăn-Coolmate-i.24710134.7237568031?sp_atk=f83b0c77-b6b7-4ba9-aa96-b65b5ba5afe2&xptdk=f83b0c77-b6b7-4ba9-aa96-b65b5ba5afe2
Combo 3 quần lót nam Trunk Modal (Gỗ sồi) kháng khuẩn thương hiệu Coolmate,279000,189000,"Đã bán 30,1k",https://shopee.vn//Combo-3-quần-lót-nam-Trunk-Modal-(Gỗ-sồi)-kháng-khuẩn-thương-hiệu-Coolmate-i.24710134.2667411154?sp_atk=94ac9fea-9fa2-4d40-8895-5c9e1a394164&xptdk=94ac9fea-9fa2-4d40-8895-5c9e1a394164
Combo 3 quần lót nam dáng Trunk Bamboo kháng khuẩn Coolmate,299000,189000,"Đã bán 37,1k",https://shopee.vn//Combo-3-quần-lót-nam-dáng-Trunk-Bamboo-kháng-khuẩn-Coolmate-i.24710134.3431453055?sp_atk=39b63745-30fc-4c36-969e-e634c93adef1&xptdk=39b63745-30fc-4c36-969e-e634c93adef1
Combo 2 quần lót nam Trunk Bamboo kháng khuẩn thương hiệu Coolmate,98000-129000,98000-129000,"Đã bán 21,4k",https://shopee.vn//Combo-2-quần-lót-nam-Trunk-Bamboo-kháng-khuẩn-thương-hiệu-Coolmate-i.24710134.5068434091?sp_atk=c111bbda-6710-46b3-9768-9d4a6d6642b6&xptdk=c111bbda-6710-46b3-9768-9d4a6d6642b6
Combo 3 Quần lót tam giác nam BRIEF BAMBOO kháng khuẩn Coolmate,229000,159000,"Đã bán 14,8k",https://shopee.vn//Combo-3-Quần-lót-tam-giác-nam-BRIEF-BAMBOO-kháng-khuẩn-Coolmate-i.24710134.5931355066?sp_atk=e05aaa0f-c7a4-43e3-b583-dc9288fcd6d2&xptdk=e05aaa0f-c7a4-43e3-b583-dc9288fcd6d2
Áo thun nam 100% Cotton USA Coolmate Basics thương hiệu Coolmate,119000,115000,"Đã bán 32,2k",https://shopee.vn//Áo-thun-nam-100-Cotton-USA-Coolmate-Basics-thương-hiệu-Coolmate-i.24710134.3690696914?sp_atk=36d1e2d5-ca81-454b-ace8-53b5834622d2&xptdk=36d1e2d5-ca81-454b-ace8-53b5834622d2
Quần Short nam Ultra Pro thoải mái vận động (có túi khóa kéo) thương hiệu Coolmate,189000,149000,"Đã bán 16,9k",https://shopee.vn//Quần-Short-nam-Ultra-Pro-thoải-mái-vận-động-(có-túi-khóa-kéo)-thương-hiệu-Coolmate-i.24710134.7491859979?sp_atk=ec69585e-39ed-4da9-b03d-17dce80d118b&xptdk=ec69585e-39ed-4da9-b03d-17dce80d118b
Áo thun nam DÀI TAY Cotton Compact Premium chống nhăn thương hiệu Coolmate,269000,129000,"Đã bán 14,6k",https://shopee.vn//Áo-thun-nam-DÀI-TAY-Cotton-Compact-Premium-chống-nhăn-thương-hiệu-Coolmate-i.24710134.7255839012?sp_atk=923cdd06-040e-4942-a960-c59288993090&xptdk=923cdd06-040e-4942-a960-c59288993090
Quần thể thao nam Max Ultra Short kiểu dáng thể thao có thêm túi khóa sau tiện lợi Coolmate,199000,159000,"Đã bán 11,8k",https://shopee.vn//Quần-thể-thao-nam-Max-Ultra-Short-kiểu-dáng-thể-thao-có-thêm-túi-khóa-sau-tiện-lợi-Coolmate-i.24710134.7044949931?sp_atk=67f054ab-7d9c-4192-adb8-6e19856a2c0b&xptdk=67f054ab-7d9c-4192-adb8-6e19856a2c0b
Áo sát nách thể thao nam Dri-Breathe thoáng mát tối đa thương hiệu Coolmate,189000,159000,Đã bán 5k,https://shopee.vn//Áo-sát-nách-thể-thao-nam-Dri-Breathe-thoáng-mát-tối-đa-thương-hiệu-Coolmate-i.24710134.8564657825?sp_atk=27223cda-a690-4e44-8ccf-0da540c783cd&xptdk=27223cda-a690-4e44-8ccf-0da540c783cd
Áo Polo thể thao nam ProMax-S1 Logo thương hiệu Coolmate,159000-199000,159000-199000,"Đã bán 14,6k",https://shopee.vn//Áo-Polo-thể-thao-nam-ProMax-S1-Logo-thương-hiệu-Coolmate-i.24710134.9177437633?sp_atk=5008ac43-fd23-4915-9cb0-dfe5413b0db7&xptdk=5008ac43-fd23-4915-9cb0-dfe5413b0db7
Áo thun nam IN COOLMATE Cotton Compact phiên bản Premium,259000,199000,"Đã bán 5,3k",https://shopee.vn//Áo-thun-nam-IN-COOLMATE-Cotton-Compact-phiên-bản-Premium-i.24710134.2043706203?sp_atk=9685da21-6826-4edc-bd93-5b717f6e9455&xptdk=9685da21-6826-4edc-bd93-5b717f6e9455
"Combo dùng thử quần lót nam Trunk 3 chất liệu Cotton, Modal, Bamboo thương hiệu Coolmate",283000,189000,"Đã bán 8,7k",https://shopee.vn//Combo-dùng-thử-quần-lót-nam-Trunk-3-chất-liệu-Cotton-Modal-Bamboo-thương-hiệu-Coolmate-i.24710134.8619033177?sp_atk=68d68f39-fc82-463c-a405-314900bc8788&xptdk=68d68f39-fc82-463c-a405-314900bc8788
Combo 3 quần lót nam Brief Boxer Bamboo kháng khuẩn Coolmate,349000,199000,"Đã bán 5,6k",https://shopee.vn//Combo-3-quần-lót-nam-Brief-Boxer-Bamboo-kháng-khuẩn-Coolmate-i.24710134.3431453271?sp_atk=2d813937-2de0-48c4-b4b7-2c2839602a74&xptdk=2d813937-2de0-48c4-b4b7-2c2839602a74
Quần lót nam Trunk Cotton Compact co giãn thương hiệu Coolmate,99000,79000,"Đã bán 12,1k",https://shopee.vn//Quần-lót-nam-Trunk-Cotton-Compact-co-giãn-thương-hiệu-Coolmate-i.24710134.1131087655?sp_atk=e5913117-c7a0-46ad-9d14-5a6b4373541e&xptdk=e5913117-c7a0-46ad-9d14-5a6b4373541e
Quần lót nam Trunk Modal vải sợi gỗ sồi thương hiệu Coolmate,139000,79000,"Đã bán 3,2k",https://shopee.vn//Quần-lót-nam-Trunk-Modal-vải-sợi-gỗ-sồi-thương-hiệu-Coolmate-i.24710134.2667433964?sp_atk=b5f1ce64-6c9e-438d-b956-9c4e9ed4513f&xptdk=b5f1ce64-6c9e-438d-b956-9c4e9ed4513f
Combo 3 quần lót TAM GIÁC nam BRIEF MODAL (gỗ sồi) mềm mại thương hiệu Coolmate,229000,159000,"Đã bán 3,3k",https://shopee.vn//Combo-3-quần-lót-TAM-GIÁC-nam-BRIEF-MODAL-(gỗ-sồi)-mềm-mại-thương-hiệu-Coolmate-i.24710134.6838370293?sp_atk=defd2660-87a0-4716-a72c-7a37ee7c085e&xptdk=defd2660-87a0-4716-a72c-7a37ee7c085e
Tất thể thao nam Techfit co giãn thoáng khí thương hiệu Coolmate,49000,34000,"Đã bán 4,3k",https://shopee.vn//Tất-thể-thao-nam-Techfit-co-giãn-thoáng-khí-thương-hiệu-Coolmate-i.24710134.10518720593?sp_atk=ffd23d10-1c2c-43b2-ac96-40fd056b14f7&xptdk=ffd23d10-1c2c-43b2-ac96-40fd056b14f7
Quần lót nam tam giác Brief Bamboo kháng khuẩn Coolmate,83000,69000,"Đã bán 4,2k",https://shopee.vn//Quần-lót-nam-tam-giác-Brief-Bamboo-kháng-khuẩn-Coolmate-i.24710134.4242922862?sp_atk=48ee9db7-efb3-40b8-b3a0-bf0428ec6fb0&xptdk=48ee9db7-efb3-40b8-b3a0-bf0428ec6fb0
Combo 2 áo thun nam Cotton Compact phiên bản Premium chống nhăn thương hiệu Coolmate,518000,518000,"Đã bán 1,3k",https://shopee.vn//Combo-2-áo-thun-nam-Cotton-Compact-phiên-bản-Premium-chống-nhăn-thương-hiệu-Coolmate-i.24710134.5542090440?sp_atk=22fadf58-7c9c-468c-8198-2eb43c07d4b0&xptdk=22fadf58-7c9c-468c-8198-2eb43c07d4b0
Quần lót nam Trunk Cotton Compact siêu mát S2 thương hiệu Coolmate,99000,79000,"Đã bán 2,4k",https://shopee.vn//Quần-lót-nam-Trunk-Cotton-Compact-siêu-mát-S2-thương-hiệu-Coolmate-i.24710134.8478721582?sp_atk=48b056c6-037a-4335-8fd5-48e8bb3045e1&xptdk=48b056c6-037a-4335-8fd5-48e8bb3045e1
Áo thun nam 100% Cotton Coolmate Basics màu ĐEN thương hiệu Coolmate,119000,115000,Đã bán 921,https://shopee.vn//Áo-thun-nam-100-Cotton-Coolmate-Basics-màu-ĐEN-thương-hiệu-Coolmate-i.24710134.11010538533?sp_atk=155426ca-51c7-4a55-a3a2-dd87d1c1ff2e&xptdk=155426ca-51c7-4a55-a3a2-dd87d1c1ff2e
Áo thun nam 100% Cotton Coolmate Basics màu TRẮNG thương hiệu Coolmate,119000,115000,"Đã bán 1,4k",https://shopee.vn//Áo-thun-nam-100-Cotton-Coolmate-Basics-màu-TRẮNG-thương-hiệu-Coolmate-i.24710134.6491524243?sp_atk=7ff18b0d-24dd-4811-b191-f3bc24097d57&xptdk=7ff18b0d-24dd-4811-b191-f3bc24097d57
Áo thun nam Cotton Compact Premium chống nhăn màu ĐEN Coolmate,259000,199000,Đã bán 1k,https://shopee.vn//Áo-thun-nam-Cotton-Compact-Premium-chống-nhăn-màu-ĐEN-Coolmate-i.24710134.3945402396?sp_atk=b9af4a61-8f80-4963-9464-d27ec3617561&xptdk=b9af4a61-8f80-4963-9464-d27ec3617561
Combo 03 quần lót nam New Trunk Cotton Compact co giãn - màu đen thương hiệu Coolmate,289000,219000,Đã bán 923,https://shopee.vn//Combo-03-quần-lót-nam-New-Trunk-Cotton-Compact-co-giãn-màu-đen-thương-hiệu-Coolmate-i.24710134.5297616935?sp_atk=a078612c-3c96-4fb9-a5a5-b31c7e0fc56b&xptdk=a078612c-3c96-4fb9-a5a5-b31c7e0fc56b
Áo thun nam 100% Cotton Coolmate Basics màu XANH BIỂN thương hiệu Coolmate,119000,115000,Đã bán 1k,https://shopee.vn//Áo-thun-nam-100-Cotton-Coolmate-Basics-màu-XANH-BIỂN-thương-hiệu-Coolmate-i.24710134.9465755537?sp_atk=5a927ad2-61b8-4b7b-b9db-00c7313ef75c&xptdk=5a927ad2-61b8-4b7b-b9db-00c7313ef75c
Combo 3 quần lót nam Trunk Cotton Compact siêu mát S2 thương hiệu Coolmate,289000,199000,Đã bán 3k,https://shopee.vn//Combo-3-quần-lót-nam-Trunk-Cotton-Compact-siêu-mát-S2-thương-hiệu-Coolmate-i.24710134.11822958094?sp_atk=a2adc5d1-d520-46a3-bd2a-0368aa81c024&xptdk=a2adc5d1-d520-46a3-bd2a-0368aa81c024
QUÀ TẶNG Bình giữ nhiệt in Logo Coolmate,299000,299000,"Đã bán 2,1k",https://shopee.vn//QUÀ-TẶNG-Bình-giữ-nhiệt-in-Logo-Coolmate-i.24710134.10837402661?sp_atk=f7f61ff4-02d1-4b95-85e1-6287066e6f41&xptdk=f7f61ff4-02d1-4b95-85e1-6287066e6f41
Combo 2 quần lót nam Trunk chất liệu Cotton và Bamboo kháng khuẩn thương hiệu Coolmate,189000,129000,Đã bán 2k,https://shopee.vn//Combo-2-quần-lót-nam-Trunk-chất-liệu-Cotton-và-Bamboo-kháng-khuẩn-thương-hiệu-Coolmate-i.24710134.6669521323?sp_atk=b89e1e3c-9781-4b26-b379-7a913d0556ec&xptdk=b89e1e3c-9781-4b26-b379-7a913d0556ec
"Áo thun nam Cotton Compact in ""I AM LIMITED""  phản quang - Màu đen thương hiệu Coolmate",259000,219000,"Đã bán 1,2k",https://shopee.vn//Áo-thun-nam-Cotton-Compact-in-I-AM-LIMITED-phản-quang-Màu-đen-thương-hiệu-Coolmate-i.24710134.4997415145?sp_atk=8c6aa591-7f26-4613-b0fb-f39857da5ef2&xptdk=8c6aa591-7f26-4613-b0fb-f39857da5ef2
Quần THỂ THAO nam Jogger đai chun co giãn Coolmate,289000,249000,"Đã bán 2,1k",https://shopee.vn//Quần-THỂ-THAO-nam-Jogger-đai-chun-co-giãn-Coolmate-i.24710134.12355761584?sp_atk=49c64694-c48c-469c-9da7-2bc252f99b3e&xptdk=49c64694-c48c-469c-9da7-2bc252f99b3e
Áo SƠ MI nam dài tay Café-DriS khử mùi hiệu quả thương hiệu Coolmate,499000,349000,Đã bán 571,https://shopee.vn//Áo-SƠ-MI-nam-dài-tay-Café-DriS-khử-mùi-hiệu-quả-thương-hiệu-Coolmate-i.24710134.11208204206?sp_atk=2561fe5d-e5bd-47e1-b04d-ffcebf38f7b2&xptdk=2561fe5d-e5bd-47e1-b04d-ffcebf38f7b2
"Áo thun nam 100% Cotton in "" Paradox "" - Màu đen",119000,119000,"Đã bán 1,3k",https://shopee.vn//Áo-thun-nam-100-Cotton-in-Paradox-Màu-đen-i.24710134.10027176282?sp_atk=5d967990-8c18-4e5f-8adc-c11c04020924&xptdk=5d967990-8c18-4e5f-8adc-c11c04020924
"Áo thun nam 100% Cotton in "" FAMILY"" - Màu đen thương hiệu Coolmate:",119000,119000,Đã bán 1k,https://shopee.vn//Áo-thun-nam-100-Cotton-in-FAMILY-Màu-đen-thương-hiệu-Coolmate--i.24710134.9589711930?sp_atk=961027b8-dbde-4ba0-b510-4bedfe2afd08&xptdk=961027b8-dbde-4ba0-b510-4bedfe2afd08
Mũ Bucket Hat thêu Be Cool!! Care & Share màu be thương hiệu Coolmate,169000,169000,Đã bán 228,https://shopee.vn//Mũ-Bucket-Hat-thêu-Be-Cool!!-Care-Share-màu-be-thương-hiệu-Coolmate-i.24710134.10539219399?sp_atk=0d35605d-d4bc-4be6-80e3-219d9078cb6d&xptdk=0d35605d-d4bc-4be6-80e3-219d9078cb6d
Mũ lưỡi trai Baseball Unisex ĐMM thương hiệu Coolmate,199000,129000,Đã bán 173,https://shopee.vn//Mũ-lưỡi-trai-Baseball-Unisex-ĐMM-thương-hiệu-Coolmate-i.24710134.3108305078?sp_atk=fae05233-9b69-4dbc-b283-ae3373402b68&xptdk=fae05233-9b69-4dbc-b283-ae3373402b68
Combo 3 quần lót nam Trunk Bamboo S2 kháng khuẩn màu trắng,299000,219000,Đã bán 487,https://shopee.vn//Combo-3-quần-lót-nam-Trunk-Bamboo-S2-kháng-khuẩn-màu-trắng-i.24710134.11927933361?sp_atk=f4c0e8fe-47a1-4a98-a711-87830f2468f9&xptdk=f4c0e8fe-47a1-4a98-a711-87830f2468f9
Combo 3 đôi tất thể thao Compression Bouncing thương hiệu Coolmate,149000,119000,Đã bán 471,https://shopee.vn//Combo-3-đôi-tất-thể-thao-Compression-Bouncing-thương-hiệu-Coolmate-i.24710134.12535863918?sp_atk=a6573b2d-1773-4854-ba0b-2254ae5ea0dd&xptdk=a6573b2d-1773-4854-ba0b-2254ae5ea0dd
Mũ Bucket Hat thêu Care & Share Typo thương hiệu Coolmate,169000,129000,Đã bán 179,https://shopee.vn//Mũ-Bucket-Hat-thêu-Care-Share-Typo-thương-hiệu-Coolmate-i.24710134.10839167045?sp_atk=1e28c29a-0b74-4e4b-b575-fdf021dfe4d1&xptdk=1e28c29a-0b74-4e4b-b575-fdf021dfe4d1
Mũ Bucket Hat thêu Care & Share Box màu đen thương hiệu Coolmate,169000,169000,Đã bán 142,https://shopee.vn//Mũ-Bucket-Hat-thêu-Care-Share-Box-màu-đen-thương-hiệu-Coolmate-i.24710134.10339231045?sp_atk=c8ced260-a83d-4131-aa72-64a181554dec&xptdk=c8ced260-a83d-4131-aa72-64a181554dec
Áo Polo nam SCafé nam tính - khử mùi hiệu quả thương hiệu Coolmate,329000,249000,"Đã bán 1,5k",https://shopee.vn//Áo-Polo-nam-SCafé-nam-tính-khử-mùi-hiệu-quả-thương-hiệu-Coolmate-i.24710134.13954587860?sp_atk=c5874ee2-6a34-4f03-8d66-8531b278c45d&xptdk=c5874ee2-6a34-4f03-8d66-8531b278c45d
Quần thể thao nam Daily Short có khoá kéo năng động thương hiệu Coolmate,269000,239000,"Đã bán 1,2k",https://shopee.vn//Quần-thể-thao-nam-Daily-Short-có-khoá-kéo-năng-động-thương-hiệu-Coolmate-i.24710134.12035845204?sp_atk=1df04102-d10a-4fbf-ac15-6c21aa792fe2&xptdk=1df04102-d10a-4fbf-ac15-6c21aa792fe2
Quần Short nam mặc nhà Coolmate Basics nhanh khô thoáng khí thương hiệu Coolmate,69000,64000,"Đã bán 4,5k",https://shopee.vn//Quần-Short-nam-mặc-nhà-Coolmate-Basics-nhanh-khô-thoáng-khí-thương-hiệu-Coolmate-i.24710134.15149697093?sp_atk=b381e2a0-51b3-4222-8df9-2774d7d1a3bd&xptdk=b381e2a0-51b3-4222-8df9-2774d7d1a3bd
Quần dài nam Kaki Excool co giãn đàn hồi thương hiệu Coolmate,499000,419000,Đã bán 919,https://shopee.vn//Quần-dài-nam-Kaki-Excool-co-giãn-đàn-hồi-thương-hiệu-Coolmate-i.24710134.14126621428?sp_atk=865ad263-9c2b-4287-b836-d9fb5f122e61&xptdk=865ad263-9c2b-4287-b836-d9fb5f122e61
Quần lót nam Brief Coolmate Basics nhiều màu,49000,47000,"Đã bán 1,1k",https://shopee.vn//Quần-lót-nam-Brief-Coolmate-Basics-nhiều-màu-i.24710134.15835433848?sp_atk=08fc6769-0ce7-4856-afa7-8de5c8037811&xptdk=08fc6769-0ce7-4856-afa7-8de5c8037811
Combo 3 quần lót nam Brief Coolmate Basics không viền êm ái,149000,139000,Đã bán 672,https://shopee.vn//Combo-3-quần-lót-nam-Brief-Coolmate-Basics-không-viền-êm-ái-i.24710134.11481182753?sp_atk=21f46868-b7cd-4103-afe7-6aa79a9c84c1&xptdk=21f46868-b7cd-4103-afe7-6aa79a9c84c1
Áo thun nam ngắn tay Cotton Compact phiên bản Premium chống nhăn Coolmate,259000,199000,"Đã bán 1,4k",https://shopee.vn//Áo-thun-nam-ngắn-tay-Cotton-Compact-phiên-bản-Premium-chống-nhăn-Coolmate-i.24710134.15361503496?sp_atk=bf394aa0-b9a7-4b9f-b689-9b0834a03480&xptdk=bf394aa0-b9a7-4b9f-b689-9b0834a03480
Set 3 quần lót nam Trunk COOLMATE BASICS thoáng mát,169000,159000,"Đã bán 1,2k",https://shopee.vn//Set-3-quần-lót-nam-Trunk-COOLMATE-BASICS-thoáng-mát-i.24710134.13065097461?sp_atk=636a0a83-ae5b-4e4d-a8ed-bcd371b08676&xptdk=636a0a83-ae5b-4e4d-a8ed-bcd371b08676
Set 2 quần lót Bamboo Trunk kháng khuẩn khử mùi Coolmate,199000,139000,Đã bán 808,https://shopee.vn//Set-2-quần-lót-Bamboo-Trunk-kháng-khuẩn-khử-mùi-Coolmate-i.24710134.15354723600?sp_atk=bffca878-d92d-4c4e-9ab5-78f8092751d8&xptdk=bffca878-d92d-4c4e-9ab5-78f8092751d8
Set 3 khẩu trang in công nghệ HeiQ Viroblock diệt khuẩn thương hiệu Coolmate,99000,79000,Đã bán 844,https://shopee.vn//Set-3-khẩu-trang-in-công-nghệ-HeiQ-Viroblock-diệt-khuẩn-thương-hiệu-Coolmate-i.24710134.12963054941?sp_atk=5359234f-a6dc-4d74-9901-2b29a89dcea3&xptdk=5359234f-a6dc-4d74-9901-2b29a89dcea3
Quần lót nam tam giác Brief Modal (gỗ sồi) mềm mại thương hiệu Coolmate,77000,69000,"Đã bán 1,3k",https://shopee.vn//Quần-lót-nam-tam-giác-Brief-Modal-(gỗ-sồi)-mềm-mại-thương-hiệu-Coolmate-i.24710134.10377680666?sp_atk=f162d800-6d42-45d5-9de2-9e4139ecbe98&xptdk=f162d800-6d42-45d5-9de2-9e4139ecbe98
Combo 5 quần lót nam Trunk Coolmate Basics,281000,249000,Đã bán 544,https://shopee.vn//Combo-5-quần-lót-nam-Trunk-Coolmate-Basics-i.24710134.14434864881?sp_atk=974a5989-e2af-403d-999c-ae01ddb15e57&xptdk=974a5989-e2af-403d-999c-ae01ddb15e57
"Áo thun đen Coolmate in ""Stop thinking- Start drinking vải Cotton Compact",259000,219000,Đã bán 418,https://shopee.vn//Áo-thun-đen-Coolmate-in-Stop-thinking-Start-drinking-vải-Cotton-Compact-i.24710134.12969498375?sp_atk=6e4062e0-dfe5-458b-abfc-d8da00f1606b&xptdk=6e4062e0-dfe5-458b-abfc-d8da00f1606b
Quần Shorts Nam New French Terry thương hiệu Coolmate,259000,259000,Đã bán 436,https://shopee.vn//Quần-Shorts-Nam-New-French-Terry-thương-hiệu-Coolmate-i.24710134.17708401597?sp_atk=59b43c24-bdeb-4027-91c9-84cea9020bee&xptdk=59b43c24-bdeb-4027-91c9-84cea9020bee
Áo khoác gió trẻ em New Normal Kids thương hiệu Coolmate,399000,189000,Đã bán 122,https://shopee.vn//Áo-khoác-gió-trẻ-em-New-Normal-Kids-thương-hiệu-Coolmate-i.24710134.15023757131?sp_atk=14102272-1d3a-48b7-b939-e198a1682dff&xptdk=14102272-1d3a-48b7-b939-e198a1682dff
Áo thun Cotton Compact in Care&Share phiên bản mới Typo Colorful thương hiệu Coolmate,259000,259000,Đã bán 150,https://shopee.vn//Áo-thun-Cotton-Compact-in-Care-Share-phiên-bản-mới-Typo-Colorful-thương-hiệu-Coolmate-i.24710134.11786851385?sp_atk=48187aa5-f472-476b-8bba-8a284db533e6&xptdk=48187aa5-f472-476b-8bba-8a284db533e6
Áo ba lỗ Cotton 100% co giãn 2 chiều Coolmate Basics,59000,59000,"Đã bán 3,4k",https://shopee.vn//Áo-ba-lỗ-Cotton-100-co-giãn-2-chiều-Coolmate-Basics-i.24710134.12862311839?sp_atk=ece2904a-2a65-41f3-8cf9-1d5f1aa04e4d&xptdk=ece2904a-2a65-41f3-8cf9-1d5f1aa04e4d
Quần short nam thể thao 7” Function - thương hiệu Coolmate,189000,149000,Đã bán 603,https://shopee.vn//Quần-short-nam-thể-thao-7”-Function-thương-hiệu-Coolmate-i.24710134.17574916422?sp_atk=fa996d09-56d5-498e-b89a-3ebc519479de&xptdk=fa996d09-56d5-498e-b89a-3ebc519479de
Quần short nam thể thao 5” Function ( túi đựng 2 bên tiện lợi ) - thương hiệu Coolmate,169000,149000,Đã bán 530,https://shopee.vn//Quần-short-nam-thể-thao-5”-Function-(-túi-đựng-2-bên-tiện-lợi-)-thương-hiệu-Coolmate-i.24710134.20307846122?sp_atk=1edd37b0-a3a2-42ed-b460-c51a39e31846&xptdk=1edd37b0-a3a2-42ed-b460-c51a39e31846
Quần Shorts mặc nhà Excool Coolmate,89000,75000,"Đã bán 1,9k",https://shopee.vn//Quần-Shorts-mặc-nhà-Excool-Coolmate-i.24710134.16525995912?sp_atk=4e040a0f-913f-4555-baa2-8a2e07dd1c05&xptdk=4e040a0f-913f-4555-baa2-8a2e07dd1c05
Áo Polo thể thao nam dáng ProMax-S1 xanh da trời thoáng khí Logo Coolmate,239000,199000,Đã bán 1k,https://shopee.vn//Áo-Polo-thể-thao-nam-dáng-ProMax-S1-xanh-da-trời-thoáng-khí-Logo-Coolmate-i.24710134.15274743062?sp_atk=64aad6bb-9de4-431b-a4c0-0acd64016a4a&xptdk=64aad6bb-9de4-431b-a4c0-0acd64016a4a
Áo polo nam công nghệ khử mùi Anti-Smell - thương hiệu Coolmate,349000,279000,Đã bán 724,https://shopee.vn//Áo-polo-nam-công-nghệ-khử-mùi-Anti-Smell-thương-hiệu-Coolmate-i.24710134.13491680825?sp_atk=9fd96352-38af-4822-a846-46f917d7f940&xptdk=9fd96352-38af-4822-a846-46f917d7f940
Áo Polo thể thao nam PROMAX-S2 thoáng khí thương hiệu Coolmate,289000,239000,Đã bán 902,https://shopee.vn//Áo-Polo-thể-thao-nam-PROMAX-S2-thoáng-khí-thương-hiệu-Coolmate-i.24710134.12091472058?sp_atk=1270110d-7c9b-4129-a24f-cc97e7463675&xptdk=1270110d-7c9b-4129-a24f-cc97e7463675
"Quần thể thao Recycle 5"" thoáng khí thương hiệu Coolmate",149000,129000,"Đã bán 1,6k",https://shopee.vn//Quần-thể-thao-Recycle-5-thoáng-khí-thương-hiệu-Coolmate-i.24710134.15371017854?sp_atk=bf220285-9658-4ad7-b2bc-e4d1282dce2a&xptdk=bf220285-9658-4ad7-b2bc-e4d1282dce2a
Combo 4 tất cổ ngắn Cotton thoáng khí - thương hiệu Coolmate,129000,119000,Đã bán 312,https://shopee.vn//Combo-4-tất-cổ-ngắn-Cotton-thoáng-khí-thương-hiệu-Coolmate-i.24710134.21814677828?sp_atk=6fa194bf-4878-4341-8a9c-db4d2c932a6d&xptdk=6fa194bf-4878-4341-8a9c-db4d2c932a6d
Combo 03 Áo Polo thể thao nam ProMax-S1 Logo thoáng khí - thương hiệu Coolmate,717000,599000,Đã bán 263,https://shopee.vn//Combo-03-Áo-Polo-thể-thao-nam-ProMax-S1-Logo-thoáng-khí-thương-hiệu-Coolmate-i.24710134.16676426733?sp_atk=7f7dc477-4293-4ce8-9345-3680959fc362&xptdk=7f7dc477-4293-4ce8-9345-3680959fc362
Quần TAM GIÁC nam Cotton Compact (khoét hơn) thương hiệu Coolmate,67000,67000,Đã bán 266,https://shopee.vn//Quần-TAM-GIÁC-nam-Cotton-Compact-(khoét-hơn)-thương-hiệu-Coolmate-i.24710134.20717544027?sp_atk=6361f981-e04d-4957-9d45-c75c584a84b5&xptdk=6361f981-e04d-4957-9d45-c75c584a84b5
Combo 4 đôi tất cổ trung Cotton thoáng khí - thương hiệu Coolmate,149000,119000,Đã bán 307,https://shopee.vn//Combo-4-đôi-tất-cổ-trung-Cotton-thoáng-khí-thương-hiệu-Coolmate-i.24710134.19514713051?sp_atk=8f85f31f-30d7-4fe4-a930-35cc9a7322af&xptdk=8f85f31f-30d7-4fe4-a930-35cc9a7322af
Áo thun thể thao nam Active ProMax thấm hút nhanh khô - thương hiệu Coolmate,119000-159000,119000-159000,Đã bán 285,https://shopee.vn//Áo-thun-thể-thao-nam-Active-ProMax-thấm-hút-nhanh-khô-thương-hiệu-Coolmate-i.24710134.13194317406?sp_atk=257e4ac5-8488-4f13-8f44-4574d23aa400&xptdk=257e4ac5-8488-4f13-8f44-4574d23aa400
"Quần short nam thể thao 5"" V2 New Ultra co giãn (có xẻ gấu & túi khóa sau) - thương hiệu Coolmate",189000,159000,Đã bán 536,https://shopee.vn//Quần-short-nam-thể-thao-5-V2-New-Ultra-co-giãn-(có-xẻ-gấu-túi-khóa-sau)-thương-hiệu-Coolmate-i.24710134.15185382939?sp_atk=2bbf30f4-0ff9-45aa-a707-ddccc0362d55&xptdk=2bbf30f4-0ff9-45aa-a707-ddccc0362d55
"Combo 03 Quần short nam thể thao Recycle 5"" thoáng khí - thương hiệu Coolmate",447000,329000,Đã bán 253,https://shopee.vn//Combo-03-Quần-short-nam-thể-thao-Recycle-5-thoáng-khí-thương-hiệu-Coolmate-i.24710134.17976409047?sp_atk=74dafcea-0a66-46c4-b890-05e9eac68024&xptdk=74dafcea-0a66-46c4-b890-05e9eac68024
Quần Jeans Clean Denim dáng Slimfit thoải mái vận động - thương hiệu Coolmate,599000,499000,Đã bán 300,https://shopee.vn//Quần-Jeans-Clean-Denim-dáng-Slimfit-thoải-mái-vận-động-thương-hiệu-Coolmate-i.24710134.10695594324?sp_atk=c2e46169-7564-4523-a006-45570f98bc53&xptdk=c2e46169-7564-4523-a006-45570f98bc53
ÁO THUN thể thao nam ProMax-S1 thấm hút nhanh khô thương hiệu Coolmate,179000,149000,Đã bán 427,https://shopee.vn//ÁO-THUN-thể-thao-nam-ProMax-S1-thấm-hút-nhanh-khô-thương-hiệu-Coolmate-i.24710134.14879912587?sp_atk=c6eeb2d7-44de-4a9b-95b5-c41e6ed3ac35&xptdk=c6eeb2d7-44de-4a9b-95b5-c41e6ed3ac35
Áo thun thể thao nam ProMax-S2 thoáng khí - Thương hiệu Coolmate,199000,189000,Đã bán 199,https://shopee.vn//Áo-thun-thể-thao-nam-ProMax-S2-thoáng-khí-Thương-hiệu-Coolmate-i.24710134.18920253197?sp_atk=944900f7-ec37-4c86-8164-e9082cd2b19b&xptdk=944900f7-ec37-4c86-8164-e9082cd2b19b
Băng tay thể thao Coolmate,29000,29000,Đã bán 191,https://shopee.vn//Băng-tay-thể-thao-Coolmate-i.24710134.20222094668?sp_atk=8dfa23f2-3e3e-421d-a400-48add0fb5714&xptdk=8dfa23f2-3e3e-421d-a400-48add0fb5714
Combo 02 Quần short nam thể thao ProMax-S1 thoáng khí - thương hiệu Coolmate,378000,299000,Đã bán 191,https://shopee.vn//Combo-02-Quần-short-nam-thể-thao-ProMax-S1-thoáng-khí-thương-hiệu-Coolmate-i.24710134.15788383952?sp_atk=284bce15-40c4-4cd3-bc8a-3f57ccbd516a&xptdk=284bce15-40c4-4cd3-bc8a-3f57ccbd516a
"Áo thun Cotton Compact in ""I Love You In Every Universe” màu Đen Mẫu 2 - thương hiệu Coolmate",289000,219000,Đã bán 329,https://shopee.vn//Áo-thun-Cotton-Compact-in-I-Love-You-In-Every-Universe”-màu-Đen-Mẫu-2-thương-hiệu-Coolmate-i.24710134.15882352971?sp_atk=7983cd36-d33c-4e82-b900-7a4a87e06909&xptdk=7983cd36-d33c-4e82-b900-7a4a87e06909
"Áo thun Cotton Compact in ""I Love You In Every Universe” màu Đen Mẫu 1 - thương hiệu Coolmate",289000,219000,Đã bán 313,https://shopee.vn//Áo-thun-Cotton-Compact-in-I-Love-You-In-Every-Universe”-màu-Đen-Mẫu-1-thương-hiệu-Coolmate-i.24710134.14582349989?sp_atk=aa96742f-5156-4af2-af5a-3bba4d459c8a&xptdk=aa96742f-5156-4af2-af5a-3bba4d459c8a
Áo thun oversize in Heal The World Clean Vietnam co giãn 4 chiều - màu Xanh Forest - thương hiệu Coolmate,329000,249000,Đã bán 219,https://shopee.vn//Áo-thun-oversize-in-Heal-The-World-Clean-Vietnam-co-giãn-4-chiều-màu-Xanh-Forest-thương-hiệu-Coolmate-i.24710134.21004737816?sp_atk=14ea7137-77a4-4915-aa91-02becb755b7a&xptdk=14ea7137-77a4-4915-aa91-02becb755b7a
"Áo thun Cotton Compact in ""I Love You In Every Universe” màu Đen Mẫu 3 - thương hiệu Coolmate",289000,219000,Đã bán 256,https://shopee.vn//Áo-thun-Cotton-Compact-in-I-Love-You-In-Every-Universe”-màu-Đen-Mẫu-3-thương-hiệu-Coolmate-i.24710134.14382355528?sp_atk=d30ec154-620b-44e9-9e90-b4fb02e92aeb&xptdk=d30ec154-620b-44e9-9e90-b4fb02e92aeb
Combo 3 đôi tất cổ dài Cotton Solid Casual mềm mại thoáng khí - thương hiệu Coolmate,119000,109000,Đã bán 134,https://shopee.vn//Combo-3-đôi-tất-cổ-dài-Cotton-Solid-Casual-mềm-mại-thoáng-khí-thương-hiệu-Coolmate-i.24710134.19316258884?sp_atk=4e71dbce-3e77-42e6-8388-ed7db983dfd5&xptdk=4e71dbce-3e77-42e6-8388-ed7db983dfd5
"Áo thun Cotton Compact phiên bản mới Premium chống nhăn in ""Let's start a journey"" màu đen Coolmate",289000,199000,Đã bán 227,https://shopee.vn//Áo-thun-Cotton-Compact-phiên-bản-mới-Premium-chống-nhăn-in-Let's-start-a-journey-màu-đen-Coolmate-i.24710134.16649885966?sp_atk=e73806b3-f92c-45a9-8ded-292cfd38c683&xptdk=e73806b3-f92c-45a9-8ded-292cfd38c683
CoolActive Box - Đồ bộ thể thao nam vận động thoải mái- màu ĐEN thương hiệu Coolmate,428000,379000,Đã bán 185,https://shopee.vn//CoolActive-Box-Đồ-bộ-thể-thao-nam-vận-động-thoải-mái-màu-ĐEN-thương-hiệu-Coolmate-i.24710134.16257767248?sp_atk=f4549eb0-6cef-477f-94a2-842af8888ac6&xptdk=f4549eb0-6cef-477f-94a2-842af8888ac6
Áo thun thể thao nam Recycle Tee nhanh khô khử mùi (Có nhãn ép) - Thương hiệu Coolmate,159000,159000,Đã bán 93,https://shopee.vn//Áo-thun-thể-thao-nam-Recycle-Tee-nhanh-khô-khử-mùi-(Có-nhãn-ép)-Thương-hiệu-Coolmate-i.24710134.19324938106?sp_atk=594c112b-d953-40fe-be6a-9dc69846a688&xptdk=594c112b-d953-40fe-be6a-9dc69846a688
"Active Box - Set đồ thể thao nam sát nách, vận động luôn thoải mái thương hiệu Coolmate",338000,219000,Đã bán 189,https://shopee.vn//Active-Box-Set-đồ-thể-thao-nam-sát-nách-vận-động-luôn-thoải-mái-thương-hiệu-Coolmate-i.24710134.12890970254?sp_atk=28de8c81-5c52-461e-ba9c-66daa5d084a9&xptdk=28de8c81-5c52-461e-ba9c-66daa5d084a9
Tất cổ dài Cotton Solid Casual hút ẩm thoáng khí - Thương hiệu Coolmate,40000,40000,Đã bán 75,https://shopee.vn//Tất-cổ-dài-Cotton-Solid-Casual-hút-ẩm-thoáng-khí-Thương-hiệu-Coolmate-i.24710134.19317993919?sp_atk=799df88d-7e72-41e8-8580-80d3d88acfc3&xptdk=799df88d-7e72-41e8-8580-80d3d88acfc3
"Quần short nam thể thao có khóa kéo 7"" co giãn công nghệ Graphene - Thương hiệu Coolmate",249000,199000,Đã bán 74,https://shopee.vn//Quần-short-nam-thể-thao-có-khóa-kéo-7-co-giãn-công-nghệ-Graphene-Thương-hiệu-Coolmate-i.24710134.20118017833?sp_atk=afe7d05d-1cef-45d7-8a39-f8d59039e961&xptdk=afe7d05d-1cef-45d7-8a39-f8d59039e961
"Mũ nón lưỡi trai nam Tech Cap trượt nước mau khô, chống tia UV - Thương hiệu Coolmate",199000,139000,Đã bán 72,https://shopee.vn//Mũ-nón-lưỡi-trai-nam-Tech-Cap-trượt-nước-mau-khô-chống-tia-UV-Thương-hiệu-Coolmate-i.24710134.19420232662?sp_atk=3d001e68-6755-4d7c-97f0-7980a7a65534&xptdk=3d001e68-6755-4d7c-97f0-7980a7a65534
"Áo thun nam Daily Tee thoáng khí, nhuộm sạch Cleandye Coolmate",199000,179000,Đã bán 376,https://shopee.vn//Áo-thun-nam-Daily-Tee-thoáng-khí-nhuộm-sạch-Cleandye-Coolmate-i.24710134.17629437915?sp_atk=6b7257b7-67b8-46a8-975e-c3b635148cb4&xptdk=6b7257b7-67b8-46a8-975e-c3b635148cb4
Combo 02 đôi tất thể thao cổ dài Active mềm mại thoáng khí - Thương hiệu Coolmate,98000,98000,Đã bán 84,https://shopee.vn//Combo-02-đôi-tất-thể-thao-cổ-dài-Active-mềm-mại-thoáng-khí-Thương-hiệu-Coolmate-i.24710134.18823087089?sp_atk=af089046-9e78-4966-8a8e-d881e5d45adf&xptdk=af089046-9e78-4966-8a8e-d881e5d45adf
Áo Polo nam Pique Cotton USA thấm hút tối đa - Thương hiệu Coolmate,399000,379000,Đã bán 54,https://shopee.vn//Áo-Polo-nam-Pique-Cotton-USA-thấm-hút-tối-đa-Thương-hiệu-Coolmate-i.24710134.20322185444?sp_atk=4f30022b-5f2d-4c45-bee9-d610b270d2a5&xptdk=4f30022b-5f2d-4c45-bee9-d610b270d2a5
Set 2 quần lót Bamboo Brief tam giác kháng khuẩn - thương hiệu Coolmate,169000,129000,Đã bán 147,https://shopee.vn//Set-2-quần-lót-Bamboo-Brief-tam-giác-kháng-khuẩn-thương-hiệu-Coolmate-i.24710134.18502987930?sp_atk=5ca9be75-8b49-4a78-afe7-565727bd0187&xptdk=5ca9be75-8b49-4a78-afe7-565727bd0187
Áo thun trơn co giãn 4 chiều CLEAN VIETNAM - thương hiệu Coolmate,269000,249000,Đã bán 92,https://shopee.vn//Áo-thun-trơn-co-giãn-4-chiều-CLEAN-VIETNAM-thương-hiệu-Coolmate-i.24710134.21308063650?sp_atk=b68beb54-125c-462e-865d-52ae7030e53c&xptdk=b68beb54-125c-462e-865d-52ae7030e53c
"Quần short nam Movement 5"" co giãn - thương hiệu Coolmate",139000-179000,139000-179000,Đã bán 45,https://shopee.vn//Quần-short-nam-Movement-5-co-giãn-thương-hiệu-Coolmate-i.24710134.19219649247?sp_atk=d808d1bf-b94f-403e-99a4-7d7fc278c010&xptdk=d808d1bf-b94f-403e-99a4-7d7fc278c010
"Áo thun nam Cotton Compact in ""Happiness"" màu đen thương hiệu Coolmate",259000,219000,Đã bán 85,https://shopee.vn//Áo-thun-nam-Cotton-Compact-in-Happiness-màu-đen-thương-hiệu-Coolmate-i.24710134.16900226169?sp_atk=a71d19af-4d2f-4a19-9820-64209a68a8e0&xptdk=a71d19af-4d2f-4a19-9820-64209a68a8e0
Quần Shorts mặc nhà Coolmate Basics Màu Xanh Ngọc,69000,64000,Đã bán 265,https://shopee.vn//Quần-Shorts-mặc-nhà-Coolmate-Basics-Màu-Xanh-Ngọc-i.24710134.16622938521?sp_atk=ca0d8503-7cf2-4c10-8bac-c60044e8255f&xptdk=ca0d8503-7cf2-4c10-8bac-c60044e8255f
Áo Sơ mi nam ngắn tay Excool Limited siêu nhẹ khử mùi - Thương hiệu Coolmate,329000-349000,329000-349000,Đã bán 43,https://shopee.vn//Áo-Sơ-mi-nam-ngắn-tay-Excool-Limited-siêu-nhẹ-khử-mùi-Thương-hiệu-Coolmate-i.24710134.20622128771?sp_atk=d4908395-ff45-4212-88f6-a23244b163a2&xptdk=d4908395-ff45-4212-88f6-a23244b163a2
"Áo thun Cotton Compact in "" The Walking Dad"" - Màu đen - thương hiệu Coolmate",259000,219000,Đã bán 62,https://shopee.vn//Áo-thun-Cotton-Compact-in-The-Walking-Dad-Màu-đen-thương-hiệu-Coolmate-i.24710134.20111187927?sp_atk=aa73b7da-a05d-4caf-94db-57528fc0dd60&xptdk=aa73b7da-a05d-4caf-94db-57528fc0dd60
Áo thun Cotton Compact Care & Share phiên bản Line Print - Thương hiệu Coolmate,259000,219000,Đã bán 64,https://shopee.vn//Áo-thun-Cotton-Compact-Care-Share-phiên-bản-Line-Print-Thương-hiệu-Coolmate-i.24710134.16269290942?sp_atk=dee777e4-1874-4e00-a78b-12623c17ec3d&xptdk=dee777e4-1874-4e00-a78b-12623c17ec3d
Quần lót nam New Trunk Cotton Compact co giãn - màu đen - thương hiệu Coolmate,99000,69000,Đã bán 666,https://shopee.vn//Quần-lót-nam-New-Trunk-Cotton-Compact-co-giãn-màu-đen-thương-hiệu-Coolmate-i.24710134.14984634763?sp_atk=efd9e4a7-e0fb-4a77-bcd8-fd37de137da1&xptdk=efd9e4a7-e0fb-4a77-bcd8-fd37de137da1
CoolActive Box - Đồ bộ thể thao nam vận động thoải mái - Xanh Aqua thương hiệu Coolmate,428000,379000,Đã bán 130,https://shopee.vn//CoolActive-Box-Đồ-bộ-thể-thao-nam-vận-động-thoải-mái-Xanh-Aqua-thương-hiệu-Coolmate-i.24710134.15379324379?sp_atk=ce60f77a-b089-4dad-b240-b294b6189001&xptdk=ce60f77a-b089-4dad-b240-b294b6189001
Quần lót nam Brief Boxer Modal (gỗ sồi) mềm mại - thương hiệu Coolmate,99000,79000,Đã bán 137,https://shopee.vn//Quần-lót-nam-Brief-Boxer-Modal-(gỗ-sồi)-mềm-mại-thương-hiệu-Coolmate-i.24710134.15684645543?sp_atk=84511460-d0df-4d3a-9634-41cb61ad06aa&xptdk=84511460-d0df-4d3a-9634-41cb61ad06aa
Áo thun Cotton Compact chống nhăn in Trà đá vỉa hè - Màu đen- Thương hiệu Coolmate,259000,219000,Đã bán 56,https://shopee.vn//Áo-thun-Cotton-Compact-chống-nhăn-in-Trà-đá-vỉa-hè-Màu-đen-Thương-hiệu-Coolmate-i.24710134.15781550999?sp_atk=2fac0a6b-29ac-4587-b340-1a246d850361&xptdk=2fac0a6b-29ac-4587-b340-1a246d850361
"Quần short thể thao nam Movement 5"" thoải mái vận động - thương hiệu Coolmate",199000,179000,Đã bán 30,https://shopee.vn//Quần-short-thể-thao-nam-Movement-5-thoải-mái-vận-động-thương-hiệu-Coolmate-i.24710134.13295173419?sp_atk=2062868f-8ec4-4803-9d6e-620c9bbd7a69&xptdk=2062868f-8ec4-4803-9d6e-620c9bbd7a69
Áo thun Cotton Compact chống nhăn in Phở - Màu đen - Thương hiệu Coolmate,259000,229000,Đã bán 66,https://shopee.vn//Áo-thun-Cotton-Compact-chống-nhăn-in-Phở-Màu-đen-Thương-hiệu-Coolmate-i.24710134.11094856250?sp_atk=902f0eee-a8ad-4492-8a41-3da5a8b8efa6&xptdk=902f0eee-a8ad-4492-8a41-3da5a8b8efa6
Áo thun in Heal The World Clean Vietnam co giãn 4 chiều - màu Xanh Forest - thương hiệu Coolmate,299000,249000,Đã bán 33,https://shopee.vn//Áo-thun-in-Heal-The-World-Clean-Vietnam-co-giãn-4-chiều-màu-Xanh-Forest-thương-hiệu-Coolmate-i.24710134.15487635141?sp_atk=9bed8246-3aa2-44e3-888b-c31a5c3d5333&xptdk=9bed8246-3aa2-44e3-888b-c31a5c3d5333
Quần Shorts mặc nhà Coolmate Basics Màu Vàng Chanh,69000,66000,Đã bán 142,https://shopee.vn//Quần-Shorts-mặc-nhà-Coolmate-Basics-Màu-Vàng-Chanh-i.24710134.14662388765?sp_atk=d83edda5-0906-429e-85ae-fccfb7429c98&xptdk=d83edda5-0906-429e-85ae-fccfb7429c98
Tất thể thao cổ dài Compression Cushion thương hiệu Coolmate,69000,59000,Đã bán 25,https://shopee.vn//Tất-thể-thao-cổ-dài-Compression-Cushion-thương-hiệu-Coolmate-i.24710134.19727356970?sp_atk=1bd44ec8-ecbd-4737-bf3e-3987326d037a&xptdk=1bd44ec8-ecbd-4737-bf3e-3987326d037a
Áo thun in The Future Is Yours CLEAN VIETNAM - màu Trắng - thương hiệu Coolmate,329000,239000,Đã bán 49,https://shopee.vn//Áo-thun-in-The-Future-Is-Yours-CLEAN-VIETNAM-màu-Trắng-thương-hiệu-Coolmate-i.24710134.21308058663?sp_atk=290d31a4-de05-4e04-b6a5-26cbd5ac9d66&xptdk=290d31a4-de05-4e04-b6a5-26cbd5ac9d66
Quà tặng - Bình đựng nước Marvel xanh (dành cho đơn áo Marvel),199000,199000,Đã bán 18,https://shopee.vn//Quà-tặng-Bình-đựng-nước-Marvel-xanh-(dành-cho-đơn-áo-Marvel)-i.24710134.18726895055?sp_atk=82b22a7b-ae50-49ad-86c7-2d0ea3921501&xptdk=82b22a7b-ae50-49ad-86c7-2d0ea3921501
"Áo thun nam Cotton Compact in ""Just love"" màu trắng thương hiệu Coolmate",259000,219000,Đã bán 43,https://shopee.vn//Áo-thun-nam-Cotton-Compact-in-Just-love-màu-trắng-thương-hiệu-Coolmate-i.24710134.10986662780?sp_atk=62e1ccf3-7929-43f8-b8bf-22cbd1d72d71&xptdk=62e1ccf3-7929-43f8-b8bf-22cbd1d72d71
Áo thun Marvel Thanos Quote - thương hiệu Coolmate,299000,299000,Đã bán 18,https://shopee.vn//Áo-thun-Marvel-Thanos-Quote-thương-hiệu-Coolmate-i.24710134.19427216034?sp_atk=3592eaa7-7fef-44c7-9ddb-41c8c228f819&xptdk=3592eaa7-7fef-44c7-9ddb-41c8c228f819
Quần Short Outdoor vải Nylon 7'' Co giãn (có túi sau) - thương hiệu Coolmate,289000,289000,Đã bán 30,https://shopee.vn//Quần-Short-Outdoor-vải-Nylon-7''-Co-giãn-(có-túi-sau)-thương-hiệu-Coolmate-i.24710134.17268400375?sp_atk=0006c40f-93a2-4526-ad7c-f26e7367b670&xptdk=0006c40f-93a2-4526-ad7c-f26e7367b670
"Áo thun Cotton Compact chống nhăn in ""It's okay to not be okay""  - thương hiệu Coolmate",259000,219000,Đã bán 65,https://shopee.vn//Áo-thun-Cotton-Compact-chống-nhăn-in-It's-okay-to-not-be-okay-thương-hiệu-Coolmate-i.24710134.16842829712?sp_atk=84e7f687-ba94-4897-8df0-2cbac5da55ea&xptdk=84e7f687-ba94-4897-8df0-2cbac5da55ea
Áo thun Marvel Spider Man To The Rescue - thương hiệu Coolmate,299000,299000,Đã bán 15,https://shopee.vn//Áo-thun-Marvel-Spider-Man-To-The-Rescue-thương-hiệu-Coolmate-i.24710134.19325199304?sp_atk=d9be13a2-22a4-4f75-8b95-75dd4b1b46f9&xptdk=d9be13a2-22a4-4f75-8b95-75dd4b1b46f9
Áo thun Marvel Loki Quote -  thương hiệu Coolmate,299000,299000,Đã bán 14,https://shopee.vn//Áo-thun-Marvel-Loki-Quote-thương-hiệu-Coolmate-i.24710134.18527219008?sp_atk=4e8f97a9-65b2-4143-a16b-58d84685cfa5&xptdk=4e8f97a9-65b2-4143-a16b-58d84685cfa5
Áo thun Cotton Compact Care&Share phiên bản Father's Day - in giữa V3 - thương hiệu Coolmate,259000,219000,Đã bán 16,https://shopee.vn//Áo-thun-Cotton-Compact-Care-Share-phiên-bản-Father's-Day-in-giữa-V3-thương-hiệu-Coolmate-i.24710134.17074834231?sp_atk=8f2d36e2-f658-4438-8e0a-a93ae7dab948&xptdk=8f2d36e2-f658-4438-8e0a-a93ae7dab948
Áo thun Cotton Compact Co Giãn Care & Share cung Sư Tử - Leo Coolmate,259000,219000,Đã bán 35,https://shopee.vn//Áo-thun-Cotton-Compact-Co-Giãn-Care-Share-cung-Sư-Tử-Leo-Coolmate-i.24710134.15371731468?sp_atk=e874afe1-7ed0-436c-b51b-6c1ec3d73a50&xptdk=e874afe1-7ed0-436c-b51b-6c1ec3d73a50
Combo 3 Quần short nam thể thao 5” Function ( túi đựng 2 bên tiện lợi ) - thương hiệu Coolmate,509000,399000,Đã bán 19,https://shopee.vn//Combo-3-Quần-short-nam-thể-thao-5”-Function-(-túi-đựng-2-bên-tiện-lợi-)-thương-hiệu-Coolmate-i.24710134.19926548675?sp_atk=a2650259-2bd9-4c0c-b628-bd99eadc53f0&xptdk=a2650259-2bd9-4c0c-b628-bd99eadc53f0
Áo thun OVERSIZE in The Future Is Yours CLEAN VIETNAM - màu Trắng - thương hiệu Coolmate,329000,259000,Đã bán 20,https://shopee.vn//Áo-thun-OVERSIZE-in-The-Future-Is-Yours-CLEAN-VIETNAM-màu-Trắng-thương-hiệu-Coolmate-i.24710134.12493447746?sp_atk=b787aade-b1a3-41c0-8cb0-aad7c65da2fa&xptdk=b787aade-b1a3-41c0-8cb0-aad7c65da2fa
Áo thun OVERSIZE in The Future Is Yours CLEAN VIETNAM - màu Trắng - thương hiệu Coolmate,329000,259000,Đã bán 20,https://shopee.vn//Áo-thun-OVERSIZE-in-The-Future-Is-Yours-CLEAN-VIETNAM-màu-Trắng-thương-hiệu-Coolmate-i.24710134.12493447746?sp_atk=d200fff5-94b5-48b9-9bb4-3eb0d4b14d94&xptdk=d200fff5-94b5-48b9-9bb4-3eb0d4b14d94
CoolActive Box - Đồ bộ thể thao nam vận động thoải mái XANH BÓNG ĐÊM - thương hiệu Coolmate,428000,379000,Đã bán 47,https://shopee.vn//CoolActive-Box-Đồ-bộ-thể-thao-nam-vận-động-thoải-mái-XANH-BÓNG-ĐÊM-thương-hiệu-Coolmate-i.24710134.14979108446?sp_atk=e0d1a8ba-5128-45c9-8536-405ffb7b9999&xptdk=e0d1a8ba-5128-45c9-8536-405ffb7b9999
Áo thun Cotton Compact Care&Share phiên bản Father's Day - in ngực trái - thương hiệu Coolmate,259000,219000,Đã bán 9,https://shopee.vn//Áo-thun-Cotton-Compact-Care-Share-phiên-bản-Father's-Day-in-ngực-trái-thương-hiệu-Coolmate-i.24710134.18211520631?sp_atk=74acf307-9805-4bef-8d55-096935eb80f5&xptdk=74acf307-9805-4bef-8d55-096935eb80f5
Sporty Box- Set đồ thể thao nam thoải mái vận động thương hiệu Coolmate,398000,279000,Đã bán 62,https://shopee.vn//Sporty-Box-Set-đồ-thể-thao-nam-thoải-mái-vận-động-thương-hiệu-Coolmate-i.24710134.18700480382?sp_atk=f7724334-6e58-4d84-afc7-e37eac2bf00d&xptdk=f7724334-6e58-4d84-afc7-e37eac2bf00d
Áo thun Cotton Compact Care & Share phiên bản Line Print - mẫu tử - thương hiệu Coolmate,259000,219000,Đã bán 13,https://shopee.vn//Áo-thun-Cotton-Compact-Care-Share-phiên-bản-Line-Print-mẫu-tử-thương-hiệu-Coolmate-i.24710134.15184927445?sp_atk=ad4fe003-91f9-4108-b749-e57a81e82d16&xptdk=ad4fe003-91f9-4108-b749-e57a81e82d16
"Áo thun Cotton Compact in "" Grandfather, father and son "" - Màu đen - thương hiệu Coolmate",259000,259000,Đã bán 14,https://shopee.vn//Áo-thun-Cotton-Compact-in-Grandfather-father-and-son-Màu-đen-thương-hiệu-Coolmate-i.24710134.19511187581?sp_atk=b5e2d506-bd23-47c1-9609-5ebc9856878a&xptdk=b5e2d506-bd23-47c1-9609-5ebc9856878a
Áo thun Cotton Compact Care & Share phiên bản Line Print - trồng cây 3 - Thương hiệu Coolmate,259000,259000,,https://shopee.vn//Áo-thun-Cotton-Compact-Care-Share-phiên-bản-Line-Print-trồng-cây-3-Thương-hiệu-Coolmate-i.24710134.18803473492?sp_atk=79b8fc90-5dbd-458c-a2d6-dc9e8cbd126b&xptdk=79b8fc90-5dbd-458c-a2d6-dc9e8cbd126b
"Combo 2 quần short nam thể thao Movement 5"" co giãn thoáng khí - Thương hiệu Coolmate",299000-399000,299000-399000,,https://shopee.vn//Combo-2-quần-short-nam-thể-thao-Movement-5-co-giãn-thoáng-khí-Thương-hiệu-Coolmate-i.24710134.20226526601?sp_atk=652f4a2d-b0f5-4f66-9248-c8bda69ad4cd&xptdk=652f4a2d-b0f5-4f66-9248-c8bda69ad4cd
Áo thun Cotton Compact Co Giãn Care & Share cung Bọ Cạp - Scorpio Coolmate,259000,259000,Đã bán 23,https://shopee.vn//Áo-thun-Cotton-Compact-Co-Giãn-Care-Share-cung-Bọ-Cạp-Scorpio-Coolmate-i.24710134.17842120743?sp_atk=04e09bb4-a4a4-443e-ac68-058dc991f3f4&xptdk=04e09bb4-a4a4-443e-ac68-058dc991f3f4
Áo thun in Peace CLEAN VIETNAM - màu Đen - thương hiệu Coolate,299000,279000,Đã bán 2,https://shopee.vn//Áo-thun-in-Peace-CLEAN-VIETNAM-màu-Đen-thương-hiệu-Coolate-i.24710134.19808069713?sp_atk=39bcc223-6af6-42c5-a2f9-1cf7de03e81f&xptdk=39bcc223-6af6-42c5-a2f9-1cf7de03e81f
Quần Jeans Clean Denim dáng Slimfit S3 - thương hiệu Coolmate,599000,499000,,https://shopee.vn//Quần-Jeans-Clean-Denim-dáng-Slimfit-S3-thương-hiệu-Coolmate-i.24710134.18827354685?sp_atk=aa482a3f-867c-426e-9519-e7b4c9390f52&xptdk=aa482a3f-867c-426e-9519-e7b4c9390f52
Áo thun OVERSIZE in Save The Future CLEAN VIETNAM - màu Đen - thương hiệu Coolmate,329000,299000,Đã bán 8,https://shopee.vn//Áo-thun-OVERSIZE-in-Save-The-Future-CLEAN-VIETNAM-màu-Đen-thương-hiệu-Coolmate-i.24710134.18008075669?sp_atk=541995c9-a480-4d80-88ad-3902a299029c&xptdk=541995c9-a480-4d80-88ad-3902a299029c
Quần Jeans Clean Denim dáng Slimfit S2 - thương hiệu Coolmate,599000,499000,,https://shopee.vn//Quần-Jeans-Clean-Denim-dáng-Slimfit-S2-thương-hiệu-Coolmate-i.24710134.17880246961?sp_atk=7899c409-6410-413b-a0ba-ad4ab400c5ad&xptdk=7899c409-6410-413b-a0ba-ad4ab400c5ad
Combo 3 khẩu trang trẻ em Coolmate công nghệ HeiQ Viroblock - màu đen,89000,89000,Đã bán 24,https://shopee.vn//Combo-3-khẩu-trang-trẻ-em-Coolmate-công-nghệ-HeiQ-Viroblock-màu-đen-i.24710134.17821279877?sp_atk=24ed6344-b7b6-46d5-a2c1-c911d4679500&xptdk=24ed6344-b7b6-46d5-a2c1-c911d4679500
Áo thun Cotton Compact Co Giãn Care & Share cung Song Tử - Gemini Coolmate,259000,259000,Đã bán 35,https://shopee.vn//Áo-thun-Cotton-Compact-Co-Giãn-Care-Share-cung-Song-Tử-Gemini-Coolmate-i.24710134.17342145337?sp_atk=ec91fe31-a52d-4360-8ea1-b15c62bb977b&xptdk=ec91fe31-a52d-4360-8ea1-b15c62bb977b
Áo thun Cotton Compact Co Giãn Care & Share cung Xử Nữ - Virgo  Coolmate,259000,259000,Đã bán 23,https://shopee.vn//Áo-thun-Cotton-Compact-Co-Giãn-Care-Share-cung-Xử-Nữ-Virgo-Coolmate-i.24710134.15971763604?sp_atk=6de27fcc-f68d-49ff-baa9-6f747e7cb2c8&xptdk=6de27fcc-f68d-49ff-baa9-6f747e7cb2c8
Áo thun Cotton Compact Co Giãn Care & Share cung Song Ngư - Pisces Coolmate,259000,259000,Đã bán 14,https://shopee.vn//Áo-thun-Cotton-Compact-Co-Giãn-Care-Share-cung-Song-Ngư-Pisces-Coolmate-i.24710134.15571730000?sp_atk=9c4c134c-8a7c-42e0-a92a-71a026ab7871&xptdk=9c4c134c-8a7c-42e0-a92a-71a026ab7871
Áo thun Cotton Compact Care & Share phiên bản Line Print - trồng cây 1 - Thương Hiệu Coolmate,259000,259000,Đã bán 3,https://shopee.vn//Áo-thun-Cotton-Compact-Care-Share-phiên-bản-Line-Print-trồng-cây-1-Thương-Hiệu-Coolmate-i.24710134.14584962260?sp_atk=8c1c548b-3568-42ec-903e-019184eb5b02&xptdk=8c1c548b-3568-42ec-903e-019184eb5b02
Áo thun Marvel Bring the thunder - thương hiệu Coolmate,299000,299000,,https://shopee.vn//Áo-thun-Marvel-Bring-the-thunder-thương-hiệu-Coolmate-i.24710134.20025219168?sp_atk=892577cd-4557-49b4-b6d4-190ee544b1d3&xptdk=892577cd-4557-49b4-b6d4-190ee544b1d3
Áo thun Cotton Compact Care&Share phiên bản Father's Day - in giữa V2 - thương hiệu Coolmate,259000,219000,Đã bán 2,https://shopee.vn//Áo-thun-Cotton-Compact-Care-Share-phiên-bản-Father's-Day-in-giữa-V2-thương-hiệu-Coolmate-i.24710134.18511526060?sp_atk=63b5f16a-d073-48f5-803d-0eaf50c98a4d&xptdk=63b5f16a-d073-48f5-803d-0eaf50c98a4d
Áo thun Cotton Compact Care & Share phiên bản Line Print - trồng cây 2 - Thương hiệu Coolmate,259000,259000,Đã bán 7,https://shopee.vn//Áo-thun-Cotton-Compact-Care-Share-phiên-bản-Line-Print-trồng-cây-2-Thương-hiệu-Coolmate-i.24710134.18103475707?sp_atk=2278ab9b-8b42-43d1-ba5b-ce755da770ed&xptdk=2278ab9b-8b42-43d1-ba5b-ce755da770ed
Áo thun Cotton Compact Co Giãn Care & Share cung Bảo Bình - Aquarius Coolmate,259000,259000,Đã bán 13,https://shopee.vn//Áo-thun-Cotton-Compact-Co-Giãn-Care-Share-cung-Bảo-Bình-Aquarius-Coolmate-i.24710134.17842119045?sp_atk=dbec5bca-34b4-4bd0-8539-686f99eb23e5&xptdk=dbec5bca-34b4-4bd0-8539-686f99eb23e5
Áo thun Cotton Compact Co Giãn Care & Share cung Kim Ngưu - Taurus thương hiệu Coolmate,259000,259000,Đã bán 3,https://shopee.vn//Áo-thun-Cotton-Compact-Co-Giãn-Care-Share-cung-Kim-Ngưu-Taurus-thương-hiệu-Coolmate-i.24710134.16342126852?sp_atk=81ae1ec0-58f2-40df-b237-5ae9935d40a2&xptdk=81ae1ec0-58f2-40df-b237-5ae9935d40a2
Áo thun Cotton Compact Co Giãn Care & Share cung Bạch Dương - Aries Coolmate,259000,259000,Đã bán 11,https://shopee.vn//Áo-thun-Cotton-Compact-Co-Giãn-Care-Share-cung-Bạch-Dương-Aries-Coolmate-i.24710134.15371716045?sp_atk=0ac51cad-d8f5-4dab-9e7b-c99c663fd7ab&xptdk=0ac51cad-d8f5-4dab-9e7b-c99c663fd7ab
Áo thun Cotton Compact Care&Share phiên bản Father's Day - Màu Đen - thương hiệu Coolmate,259000,219000,Đã bán 2,https://shopee.vn//Áo-thun-Cotton-Compact-Care-Share-phiên-bản-Father's-Day-Màu-Đen-thương-hiệu-Coolmate-i.24710134.10696529011?sp_atk=7852bbbb-fc20-4892-b879-57418296d3df&xptdk=7852bbbb-fc20-4892-b879-57418296d3df
Quần thể thao nam Ultra Short co giãn có túi khóa kéo thương hiệu Coolmate,189000,149000,"Đã bán 31,4k",https://shopee.vn//Quần-thể-thao-nam-Ultra-Short-co-giãn-có-túi-khóa-kéo-thương-hiệu-Coolmate-i.24710134.5943251527?sp_atk=9ec4f2ee-ab1d-46d0-a53e-aab34bce601a&xptdk=9ec4f2ee-ab1d-46d0-a53e-aab34bce601a
"Quần thể thao nam Maxcool màu ĐEN co dãn, thoải mái thương hiệu Coolmate",129000,79000,"Đã bán 26,5k",https://shopee.vn//Quần-thể-thao-nam-Maxcool-màu-ĐEN-co-dãn-thoải-mái-thương-hiệu-Coolmate-i.24710134.5919139721?sp_atk=2dc897ec-27be-4c29-890e-f0db4e448534&xptdk=2dc897ec-27be-4c29-890e-f0db4e448534
Áo thể thao nam Recycle Coolmate Basics thấm hút nhanh khô,99000,91000,"Đã bán 4,4k",https://shopee.vn//Áo-thể-thao-nam-Recycle-Coolmate-Basics-thấm-hút-nhanh-khô-i.24710134.10280321597?sp_atk=28496f83-8160-4d9f-8929-45308493c554&xptdk=28496f83-8160-4d9f-8929-45308493c554
"Combo dùng thử quần lót TAM GIÁC nam 3 chất liệu Cotton, Modal, Bamboo thương hiệu Coolmate",209000,129000,"Đã bán 9,5k",https://shopee.vn//Combo-dùng-thử-quần-lót-TAM-GIÁC-nam-3-chất-liệu-Cotton-Modal-Bamboo-thương-hiệu-Coolmate-i.24710134.3380354819?sp_atk=5eda175d-1b33-44d3-9e52-456e05eac2db&xptdk=5eda175d-1b33-44d3-9e52-456e05eac2db
Combo 5 quần sịp nam Trunk Cotton co giãn thoải mái thương hiệu Coolmate,249000-289000,249000-289000,"Đã bán 12,1k",https://shopee.vn//Combo-5-quần-sịp-nam-Trunk-Cotton-co-giãn-thoải-mái-thương-hiệu-Coolmate-i.24710134.7310895425?sp_atk=714ea2a3-b77d-41a3-b2f0-c4924bb7248b&xptdk=714ea2a3-b77d-41a3-b2f0-c4924bb7248b
Combo 5 quần lót nam tam giác Cotton thương hiệu Coolmate (ngẫu nhiên 2-3 màu),400000,269000,"Đã bán 7,8k",https://shopee.vn//Combo-5-quần-lót-nam-tam-giác-Cotton-thương-hiệu-Coolmate-(ngẫu-nhiên-2-3-màu)-i.24710134.2121190269?sp_atk=a8bad0a5-392b-48f5-bf70-ac327e5dbd37&xptdk=a8bad0a5-392b-48f5-bf70-ac327e5dbd37
Áo Polo nam Excool khô thoáng chống nhăn thương hiệu Coolmate,299000-349000,299000-349000,"Đã bán 6,6k",https://shopee.vn//Áo-Polo-nam-Excool-khô-thoáng-chống-nhăn-thương-hiệu-Coolmate-i.24710134.13840737091?sp_atk=4e2ed300-77ad-449d-ada1-d07e324b3827&xptdk=4e2ed300-77ad-449d-ada1-d07e324b3827
Quần lót nam Trunk Coolmate Basics nhiều màu,56000,53000,"Đã bán 4,5k",https://shopee.vn//Quần-lót-nam-Trunk-Coolmate-Basics-nhiều-màu-i.24710134.15835426302?sp_atk=220c70d3-1b5e-4b46-85b8-8d7132d6a433&xptdk=220c70d3-1b5e-4b46-85b8-8d7132d6a433
Quần short thể thao nam ProMax thoáng khí thoải mái thương hiệu Coolmate,189000,159000,"Đã bán 3,1k",https://shopee.vn//Quần-short-thể-thao-nam-ProMax-thoáng-khí-thoải-mái-thương-hiệu-Coolmate-i.24710134.10638295959?sp_atk=8835dfc4-8d92-4933-b74d-4ed897a56445&xptdk=8835dfc4-8d92-4933-b74d-4ed897a56445
Áo thun nam 100% Cotton USA màu đen (mác cotton) thương hiệu Coolmate,99000,89000,Đã bán 679,https://shopee.vn//Áo-thun-nam-100-Cotton-USA-màu-đen-(mác-cotton)-thương-hiệu-Coolmate-i.24710134.18411170908?sp_atk=e360cf1d-1ec7-40aa-a247-ac446c3b3067&xptdk=e360cf1d-1ec7-40aa-a247-ac446c3b3067
Áo thể thao nam MaxCool thoáng mát thương hiệu Coolmate,219000,115000,"Đã bán 14,1k",https://shopee.vn//Áo-thể-thao-nam-MaxCool-thoáng-mát-thương-hiệu-Coolmate-i.24710134.7742959982?sp_atk=8516ac99-3442-4292-8de0-558150b88c8e&xptdk=8516ac99-3442-4292-8de0-558150b88c8e
Áo Polo thể thao nam PROMAX-S2 dáng slimfit thoáng khí thương hiệu Coolmate,289000,239000,Đã bán 808,https://shopee.vn//Áo-Polo-thể-thao-nam-PROMAX-S2-dáng-slimfit-thoáng-khí-thương-hiệu-Coolmate-i.24710134.10496022907?sp_atk=64c044d6-5a38-4cdf-b05a-91b39ef94cb1&xptdk=64c044d6-5a38-4cdf-b05a-91b39ef94cb1
"Combo 3 quần sịp tam giác Cotton đen, xám, xanh ghi Coolmate TG-DXXg",219000,169000,"Đã bán 3,4k",https://shopee.vn//Combo-3-quần-sịp-tam-giác-Cotton-đen-xám-xanh-ghi-Coolmate-TG-DXXg-i.24710134.1973351942?sp_atk=268a4e30-af78-4d57-b2f8-bcce1b36b29b&xptdk=268a4e30-af78-4d57-b2f8-bcce1b36b29b
Combo 3 Quần lót Trunk vải Cotton Modal đen cạp mới co giãn không vết hằn - thương hiệu Coolmate,299000,179000,Đã bán 613,https://shopee.vn//Combo-3-Quần-lót-Trunk-vải-Cotton-Modal-đen-cạp-mới-co-giãn-không-vết-hằn-thương-hiệu-Coolmate-i.24710134.14785229523?sp_atk=fe61cd01-998e-4de1-ba80-5ebede63400b&xptdk=fe61cd01-998e-4de1-ba80-5ebede63400b
"Quần thể thao nam 7"" New Ultra Shorts có khóa kéo thương hiệu Coolmate",239000,199000,"Đã bán 1,6k",https://shopee.vn//Quần-thể-thao-nam-7-New-Ultra-Shorts-có-khóa-kéo-thương-hiệu-Coolmate-i.24710134.16440841046?sp_atk=3a769493-2e39-4393-9a79-e5718f5b4f93&xptdk=3a769493-2e39-4393-9a79-e5718f5b4f93
Áo thể thao Recycle Tee thoáng khí thoải mái vận động - thương hiệu Coolmate,159000,139000,Đã bán 834,https://shopee.vn//Áo-thể-thao-Recycle-Tee-thoáng-khí-thoải-mái-vận-động-thương-hiệu-Coolmate-i.24710134.20802107585?sp_atk=f14a0a57-94e6-4b28-a33e-5b32241d1a22&xptdk=f14a0a57-94e6-4b28-a33e-5b32241d1a22
Áo sơ mi nam dài tay Café Sticky Free khử mùi hiệu quả - thương hiệu Coolmate,499000,349000,Đã bán 665,https://shopee.vn//Áo-sơ-mi-nam-dài-tay-Café-Sticky-Free-khử-mùi-hiệu-quả-thương-hiệu-Coolmate-i.24710134.9461767378?sp_atk=431e4616-0b1a-4293-9d4e-26c4e35db1c9&xptdk=431e4616-0b1a-4293-9d4e-26c4e35db1c9
"Áo khoác gió thể thao HeiQ ViroBlock, chống UV & trượt nước thương hiệu Coolmate",499000,379000,Đã bán 453,https://shopee.vn//Áo-khoác-gió-thể-thao-HeiQ-ViroBlock-chống-UV-trượt-nước-thương-hiệu-Coolmate-i.24710134.16462332572?sp_atk=cc7645b1-3a97-46a8-b11d-2b7e731b64a2&xptdk=cc7645b1-3a97-46a8-b11d-2b7e731b64a2
Áo thun nam 100% Cotton Coolmate Basics màu RÊU BỤI thương hiệu Coolmate,119000,115000,"Đã bán 1,2k",https://shopee.vn//Áo-thun-nam-100-Cotton-Coolmate-Basics-màu-RÊU-BỤI-thương-hiệu-Coolmate-i.24710134.8265815218?sp_atk=5867973f-7ccd-4bad-babe-00213bda0def&xptdk=5867973f-7ccd-4bad-babe-00213bda0def
Combo 4 đôi tất cổ ngắn Modal kháng khuẩn - thương hiệu Coolmate,139000,119000,Đã bán 318,https://shopee.vn//Combo-4-đôi-tất-cổ-ngắn-Modal-kháng-khuẩn-thương-hiệu-Coolmate-i.24710134.18914700859?sp_atk=59d6a4f7-f64b-4c8e-8fe9-d1f977556e82&xptdk=59d6a4f7-f64b-4c8e-8fe9-d1f977556e82
Set 2 quần lót nam Trunk Modal (gỗ sồi) mềm mại thấm hút tốt thương hiệu Coolmate,186000,129000,Đã bán 4k,https://shopee.vn//Set-2-quần-lót-nam-Trunk-Modal-(gỗ-sồi)-mềm-mại-thấm-hút-tốt-thương-hiệu-Coolmate-i.24710134.7794686280?sp_atk=e20a420f-a84b-4774-a2ea-2d50ae7c09af&xptdk=e20a420f-a84b-4774-a2ea-2d50ae7c09af
Tất cổ ngắn Cotton thoáng khí - Thương hiệu Coolmate,33000,33000,Đã bán 218,https://shopee.vn//Tất-cổ-ngắn-Cotton-thoáng-khí-Thương-hiệu-Coolmate-i.24710134.20818005656?sp_atk=66d12d84-9efa-4a85-9346-931280d5cfe9&xptdk=66d12d84-9efa-4a85-9346-931280d5cfe9
Áo thun nam 100% Cotton Coolmate Basics màu CACAO thương hiệu Coolmate,119000,115000,"Đã bán 1,3k",https://shopee.vn//Áo-thun-nam-100-Cotton-Coolmate-Basics-màu-CACAO-thương-hiệu-Coolmate-i.24710134.9265811668?sp_atk=0c8c80ec-2153-4659-bd9a-0e8c829feb2b&xptdk=0c8c80ec-2153-4659-bd9a-0e8c829feb2b
Quần lót tam giác nam Brief Cotton co giãn thương hiệu Coolmate,73000,58000,"Đã bán 2,5k",https://shopee.vn//Quần-lót-tam-giác-nam-Brief-Cotton-co-giãn-thương-hiệu-Coolmate-i.24710134.2050284856?sp_atk=a69cf3a5-9cba-4e07-8594-f4632c898780&xptdk=a69cf3a5-9cba-4e07-8594-f4632c898780
Set 3 quần lót nam Brief Boxer Modal (gỗ sồi) thoáng mát khử mùi thương hiệu Coolmate,299000,199000,"Đã bán 2,1k",https://shopee.vn//Set-3-quần-lót-nam-Brief-Boxer-Modal-(gỗ-sồi)-thoáng-mát-khử-mùi-thương-hiệu-Coolmate-i.24710134.8822409981?sp_atk=2d22745c-06bb-4eec-9b67-c8392b5f55b2&xptdk=2d22745c-06bb-4eec-9b67-c8392b5f55b2
Quần lót nam dáng Trunk Bamboo kháng khuẩn thương hiệu Coolmate,99000,89000,"Đã bán 4,5k",https://shopee.vn//Quần-lót-nam-dáng-Trunk-Bamboo-kháng-khuẩn-thương-hiệu-Coolmate-i.24710134.5642915353?sp_atk=1cd58347-ed27-46be-9f80-b19006adc4d6&xptdk=1cd58347-ed27-46be-9f80-b19006adc4d6
Áo polo nam thể thao thoáng khí nhuộm sạch Cleandye thương hiệu Coolmate,289000,249000,Đã bán 538,https://shopee.vn//Áo-polo-nam-thể-thao-thoáng-khí-nhuộm-sạch-Cleandye-thương-hiệu-Coolmate-i.24710134.14270283279?sp_atk=b3ca0939-64e5-40c1-b82c-98e4cf105f35&xptdk=b3ca0939-64e5-40c1-b82c-98e4cf105f35
Combo 03 Áo thun thể thao nam ProMax-S1 thấm hút nhanh khô - thương hiệu Coolmate,537000,399000,Đã bán 146,https://shopee.vn//Combo-03-Áo-thun-thể-thao-nam-ProMax-S1-thấm-hút-nhanh-khô-thương-hiệu-Coolmate-i.24710134.19513867101?sp_atk=d7ced314-de1d-4f39-b1dd-ddd48e23b901&xptdk=d7ced314-de1d-4f39-b1dd-ddd48e23b901
Mũ lưỡi trai Excool siêu nhẹ chống tia UV thương hiệu Coolmate,149000,129000,Đã bán 195,https://shopee.vn//Mũ-lưỡi-trai-Excool-siêu-nhẹ-chống-tia-UV-thương-hiệu-Coolmate-i.24710134.14046051967?sp_atk=bb490458-846e-42b7-b95b-a9b4079362d9&xptdk=bb490458-846e-42b7-b95b-a9b4079362d9
"Quần short nam thể thao Recycle 7"" thoáng khí ( túi khóa kéo tiện lợi ) thương hiệu Coolmate",239000,199000,Đã bán 83,https://shopee.vn//Quần-short-nam-thể-thao-Recycle-7-thoáng-khí-(-túi-khóa-kéo-tiện-lợi-)-thương-hiệu-Coolmate-i.24710134.21105878088?sp_atk=56bcef45-672f-4786-bc89-b359cd209611&xptdk=56bcef45-672f-4786-bc89-b359cd209611
Áo Tank top T2 thể thao nam thoáng khí - thương hiệu Coolmate,179000,149000,Đã bán 193,https://shopee.vn//Áo-Tank-top-T2-thể-thao-nam-thoáng-khí-thương-hiệu-Coolmate-i.24710134.16471012473?sp_atk=75a39db5-4cb8-4965-8554-4e2aa3c767e6&xptdk=75a39db5-4cb8-4965-8554-4e2aa3c767e6
Áo thun cổ tròn Excool thấm hút và nhanh khô thương hiệu Coolmate,299000,239000,Đã bán 291,https://shopee.vn//Áo-thun-cổ-tròn-Excool-thấm-hút-và-nhanh-khô-thương-hiệu-Coolmate-i.24710134.12682651205?sp_atk=e30ffb0b-83ae-4391-974a-c1197a2cd3b2&xptdk=e30ffb0b-83ae-4391-974a-c1197a2cd3b2
Mũ nón lưỡi trai nam thoáng khí phối lưới Baseball Cap logo Coolmate,159000,129000,Đã bán 59,https://shopee.vn//Mũ-nón-lưỡi-trai-nam-thoáng-khí-phối-lưới-Baseball-Cap-logo-Coolmate-i.24710134.16479106593?sp_atk=54a405e2-56a5-401a-b8a0-bad5719a8546&xptdk=54a405e2-56a5-401a-b8a0-bad5719a8546
Set 3 quần lót nam dáng Trunk Bamboo kháng khuẩn - Thương hiệu Coolmate,299000,279000,Đã bán 50,https://shopee.vn//Set-3-quần-lót-nam-dáng-Trunk-Bamboo-kháng-khuẩn-Thương-hiệu-Coolmate-i.24710134.14389959580?sp_atk=a0678fcc-c380-47ec-9a7c-1827e4e39987&xptdk=a0678fcc-c380-47ec-9a7c-1827e4e39987
"Quần shorts nam thể thao 5"" V1 xẻ gấu (túi sau có khóa kéo) - thương hiệu Coolmate",189000,159000,Đã bán 131,https://shopee.vn//Quần-shorts-nam-thể-thao-5-V1-xẻ-gấu-(túi-sau-có-khóa-kéo)-thương-hiệu-Coolmate-i.24710134.21510041862?sp_atk=24b2a770-16bb-41b8-88e7-5b3579cfdec6&xptdk=24b2a770-16bb-41b8-88e7-5b3579cfdec6
Áo thun Cotton Compact chống nhăn in Tào phớ - Màu đen - Thương hiệu Coolmate,259000,219000,Đã bán 116,https://shopee.vn//Áo-thun-Cotton-Compact-chống-nhăn-in-Tào-phớ-Màu-đen-Thương-hiệu-Coolmate-i.24710134.19100628207?sp_atk=2a741f70-d86a-4b64-ad3b-c5ad63e9db7e&xptdk=2a741f70-d86a-4b64-ad3b-c5ad63e9db7e
Mũ nón lưỡi trai nam thoáng khí phối lưới Baseball Cap - Thương hiệu Coolmate,149000,119000,Đã bán 36,https://shopee.vn//Mũ-nón-lưỡi-trai-nam-thoáng-khí-phối-lưới-Baseball-Cap-Thương-hiệu-Coolmate-i.24710134.18023113997?sp_atk=babee7b9-d3fa-42ce-9428-c3eb236b9ed5&xptdk=babee7b9-d3fa-42ce-9428-c3eb236b9ed5
Set 2 quần lót nam Trunk Microfiber Excool thoáng khí thương hiệu Coolmate,239000,239000,Đã bán 28,https://shopee.vn//Set-2-quần-lót-nam-Trunk-Microfiber-Excool-thoáng-khí-thương-hiệu-Coolmate-i.24710134.19725703208?sp_atk=628b4956-a564-461a-a48f-c6d95f384453&xptdk=628b4956-a564-461a-a48f-c6d95f384453
Combo 4 tất lười cotton chống trượt thoáng khí hút mùi - thương hiệu Coolmate,149000,149000,Đã bán 32,https://shopee.vn//Combo-4-tất-lười-cotton-chống-trượt-thoáng-khí-hút-mùi-thương-hiệu-Coolmate-i.24710134.18428641059?sp_atk=4bebcecc-6f6c-4aa5-8826-6d7bdad63a60&xptdk=4bebcecc-6f6c-4aa5-8826-6d7bdad63a60
Áo thun in save the future CLEAN VIETNAM - màu Đen - thương hiệu Coolmate,299000,249000,Đã bán 36,https://shopee.vn//Áo-thun-in-save-the-future-CLEAN-VIETNAM-màu-Đen-thương-hiệu-Coolmate-i.24710134.18708056953?sp_atk=0bd13356-601c-4f13-83eb-f242aff24e3e&xptdk=0bd13356-601c-4f13-83eb-f242aff24e3e
Áo thun nam in Care&Share  Cotton Compact Premium (chính giữa) thương hiệu Coolmate,259000,219000,Đã bán 651,https://shopee.vn//Áo-thun-nam-in-Care-Share-Cotton-Compact-Premium-(chính-giữa)-thương-hiệu-Coolmate-i.24710134.3758057383?sp_atk=e9257b4c-8d48-4b5a-bad5-3ae1f6aa320a&xptdk=e9257b4c-8d48-4b5a-bad5-3ae1f6aa320a
Áo thun Marvel The Armored Avenger- thương hiệu Coolmate,299000,299000,Đã bán 21,https://shopee.vn//Áo-thun-Marvel-The-Armored-Avenger-thương-hiệu-Coolmate-i.24710134.20725195489?sp_atk=15420878-aaac-4b7c-8e73-40c7080a11f4&xptdk=15420878-aaac-4b7c-8e73-40c7080a11f4
"Áo thun nam Cotton Compact in ""Ps. I love you"" màu đen thương hiệu Coolmate",259000,219000,Đã bán 109,https://shopee.vn//Áo-thun-nam-Cotton-Compact-in-Ps.-I-love-you-màu-đen-thương-hiệu-Coolmate-i.24710134.16300228488?sp_atk=fa4689ca-6a85-44c3-9fe4-e3f1bc41a797&xptdk=fa4689ca-6a85-44c3-9fe4-e3f1bc41a797
Áo thun Marvel Spider Man Sense - thương hiệu Coolmate,299000,299000,Đã bán 14,https://shopee.vn//Áo-thun-Marvel-Spider-Man-Sense-thương-hiệu-Coolmate-i.24710134.11397187062?sp_atk=f583f42c-b6a1-45a3-a534-3bf4b605b944&xptdk=f583f42c-b6a1-45a3-a534-3bf4b605b944
Áo thun Marvel Graphics Earth's Mightiest Heroes - thương hiệu Coolmate,299000,299000,,https://shopee.vn//Áo-thun-Marvel-Graphics-Earth's-Mightiest-Heroes-thương-hiệu-Coolmate-i.24710134.21025197097?sp_atk=bcd042c9-13ce-4bfc-8978-f22143a0b88e&xptdk=bcd042c9-13ce-4bfc-8978-f22143a0b88e
Combo 3 quần lót nam Trunk Tencel mềm mại thấm hút tốt - thương hiệu Coolmate,299000,239000,Đã bán 18,https://shopee.vn//Combo-3-quần-lót-nam-Trunk-Tencel-mềm-mại-thấm-hút-tốt-thương-hiệu-Coolmate-i.24710134.21428724190?sp_atk=0e57d51b-046a-4c7e-915b-ea86d16f86b4&xptdk=0e57d51b-046a-4c7e-915b-ea86d16f86b4
Combo 3 Quần lót Trunk Cotton Basics Trắng CẠP ĐEN đặc biệt - thương hiệu Coolmate,169000,159000,Đã bán 32,https://shopee.vn//Combo-3-Quần-lót-Trunk-Cotton-Basics-Trắng-CẠP-ĐEN-đặc-biệt-thương-hiệu-Coolmate-i.24710134.20604611992?sp_atk=8c861f02-3e0b-4194-ae6d-04b5a8ebaff5&xptdk=8c861f02-3e0b-4194-ae6d-04b5a8ebaff5
Combo 3 Quần lót Trunk nam khử mùi Anti-Smell thương hiệu Coolmate,299000,229000,Đã bán 28,https://shopee.vn//Combo-3-Quần-lót-Trunk-nam-khử-mùi-Anti-Smell-thương-hiệu-Coolmate-i.24710134.14482880952?sp_atk=e09f955a-479b-4a70-85ff-05f923015c4c&xptdk=e09f955a-479b-4a70-85ff-05f923015c4c
Áo thun in Love More CLEAN VIETNAM - màu Đen - thương hiệu Coolmate,299000,249000,Đã bán 17,https://shopee.vn//Áo-thun-in-Love-More-CLEAN-VIETNAM-màu-Đen-thương-hiệu-Coolmate-i.24710134.19108067540?sp_atk=0e697558-6f1a-4851-a264-3592c84b7dc6&xptdk=0e697558-6f1a-4851-a264-3592c84b7dc6
Áo thun in Choose Love CLEAN VIETNAM - thương hiệu Coolmate,299000,229000,Đã bán 19,https://shopee.vn//Áo-thun-in-Choose-Love-CLEAN-VIETNAM-thương-hiệu-Coolmate-i.24710134.19908059931?sp_atk=d24cf549-be69-4946-8a5f-902e70bb145e&xptdk=d24cf549-be69-4946-8a5f-902e70bb145e
Áo thun nam 100% Cotton in Care & Share phiên bản mới trái tim thương hiệu Coolmate,129000,129000,Đã bán 265,https://shopee.vn//Áo-thun-nam-100-Cotton-in-Care-Share-phiên-bản-mới-trái-tim-thương-hiệu-Coolmate-i.24710134.13476093626?sp_atk=19ebcd19-9a51-4a59-bc86-c59d1f68d0f4&xptdk=19ebcd19-9a51-4a59-bc86-c59d1f68d0f4
Áo thun nam Cotton Compact phiên bản Premium chống nhăn màu XANH NAVY Coolmate,259000,179000,Đã bán 302,https://shopee.vn//Áo-thun-nam-Cotton-Compact-phiên-bản-Premium-chống-nhăn-màu-XANH-NAVY-Coolmate-i.24710134.6945305104?sp_atk=c40ee667-e80b-4ddc-be2f-cd2921e5fc27&xptdk=c40ee667-e80b-4ddc-be2f-cd2921e5fc27
Áo thun Cotton Compact Co Giãn Care & Share cung Thiên Bình - Libra Coolmate,259000,219000,Đã bán 23,https://shopee.vn//Áo-thun-Cotton-Compact-Co-Giãn-Care-Share-cung-Thiên-Bình-Libra-Coolmate-i.24710134.16642153758?sp_atk=46cc5d89-94f6-4e18-b757-f195c149a1ec&xptdk=46cc5d89-94f6-4e18-b757-f195c149a1ec
Áo thun Marvel Captain America Quote -  thương hiệu Coolmate,299000,299000,Đã bán 5,https://shopee.vn//Áo-thun-Marvel-Captain-America-Quote-thương-hiệu-Coolmate-i.24710134.17780212832?sp_atk=ab90faa8-116a-4c71-90f9-85238bd7241d&xptdk=ab90faa8-116a-4c71-90f9-85238bd7241d
Áo thun Cotton Compact Co Giãn Care & Share cung Cự Giải - Cancer Coolmate,259000,259000,Đã bán 18,https://shopee.vn//Áo-thun-Cotton-Compact-Co-Giãn-Care-Share-cung-Cự-Giải-Cancer-Coolmate-i.24710134.17342123663?sp_atk=d9f5c5cc-0195-4d18-a2c7-eec50b79c1d6&xptdk=d9f5c5cc-0195-4d18-a2c7-eec50b79c1d6
Áo thun Marvel Changing World - thương hiệu Coolmate,299000,299000,,https://shopee.vn//Áo-thun-Marvel-Changing-World-thương-hiệu-Coolmate-i.24710134.20426890338?sp_atk=d5f2c026-194b-4641-a28d-8b5b1e1a90ee&xptdk=d5f2c026-194b-4641-a28d-8b5b1e1a90ee
Quà tặng - Bình đựng nước Marvel đỏ - thương hiệu Coolmate,199000,199000,Đã bán 2,https://shopee.vn//Quà-tặng-Bình-đựng-nước-Marvel-đỏ-thương-hiệu-Coolmate-i.24710134.19828556526?sp_atk=3960a249-985b-4469-9954-b266eb98bde0&xptdk=3960a249-985b-4469-9954-b266eb98bde0
CoolActive Box - Đồ bộ thể thao nam vận động thoải mái - màu TRẮNG-ĐEN thương hiệu Coolmate,428000,428000,Đã bán 18,https://shopee.vn//CoolActive-Box-Đồ-bộ-thể-thao-nam-vận-động-thoải-mái-màu-TRẮNG-ĐEN-thương-hiệu-Coolmate-i.24710134.16157777021?sp_atk=5cef2e1b-14ea-4b04-b9c1-fd7479a75caf&xptdk=5cef2e1b-14ea-4b04-b9c1-fd7479a75caf
Áo thun Cotton Compact Co Giãn Care & Share cung Nhân Mã - Sagittarius Coolmate,259000,259000,Đã bán 16,https://shopee.vn//Áo-thun-Cotton-Compact-Co-Giãn-Care-Share-cung-Nhân-Mã-Sagittarius-Coolmate-i.24710134.15771727672?sp_atk=5a66faff-96be-4bc5-90ec-205ad9aeb9d2&xptdk=5a66faff-96be-4bc5-90ec-205ad9aeb9d2
Áo thun Marvel thêu Basics - thương hiệu Coolmate,299000,299000,,https://shopee.vn//Áo-thun-Marvel-thêu-Basics-thương-hiệu-Coolmate-i.24710134.16679673543?sp_atk=ac0e6074-31ea-4d1c-9843-62e00cbdc5d0&xptdk=ac0e6074-31ea-4d1c-9843-62e00cbdc5d0
Mũ Bucket Hat thêu Care & Share Handwriting màu be thương hiệu Coolmate,169000,169000,Đã bán 229,https://shopee.vn//Mũ-Bucket-Hat-thêu-Care-Share-Handwriting-màu-be-thương-hiệu-Coolmate-i.24710134.11039164317?sp_atk=e3c79d18-9dfc-471b-8aa7-250207c63b51&xptdk=e3c79d18-9dfc-471b-8aa7-250207c63b51
Mũ Bucket Hat thêu Heart Symbol - màu be thương hiệu Coolmate,169000,169000,Đã bán 239,https://shopee.vn//Mũ-Bucket-Hat-thêu-Heart-Symbol-màu-be-thương-hiệu-Coolmate-i.24710134.10039212365?sp_atk=51ee6d41-a020-4ba5-a3d0-e9a7d48ec0ec&xptdk=51ee6d41-a020-4ba5-a3d0-e9a7d48ec0ec
Áo thun nam Cotton Compact phiên bản Premium chống nhăn màu trắng Coolmate,259000,259000,Đã bán 812,https://shopee.vn//Áo-thun-nam-Cotton-Compact-phiên-bản-Premium-chống-nhăn-màu-trắng-Coolmate-i.24710134.7345304080?sp_atk=3d6c0a19-f3a2-420f-ab1a-7db713da3a95&xptdk=3d6c0a19-f3a2-420f-ab1a-7db713da3a95
Combo 2 quần thể thao nam Ultra Short có túi khóa kéo thương hiệu Coolmate,378000,378000,"Đã bán 1,6k",https://shopee.vn//Combo-2-quần-thể-thao-nam-Ultra-Short-có-túi-khóa-kéo-thương-hiệu-Coolmate-i.24710134.6843252563?sp_atk=74338b44-187d-4894-9bdd-eafc3ff4fd28&xptdk=74338b44-187d-4894-9bdd-eafc3ff4fd28
"Quần short nam thể thao Movement 7"" co giãn nhanh khô - Thương hiệu Coolmate",239000,239000,Đã bán 7,https://shopee.vn//Quần-short-nam-thể-thao-Movement-7-co-giãn-nhanh-khô-Thương-hiệu-Coolmate-i.24710134.21230204556?sp_atk=cae91de8-19f4-440f-a13e-b5a4cb516cc3&xptdk=cae91de8-19f4-440f-a13e-b5a4cb516cc3
Quần lót nam Trunk Tencel mềm mại thấm hút tốt - thương hiệu Coolmate,99000,99000,Đã bán 5,https://shopee.vn//Quần-lót-nam-Trunk-Tencel-mềm-mại-thấm-hút-tốt-thương-hiệu-Coolmate-i.24710134.21330615840?sp_atk=852dc38f-716f-49c7-829f-c40c25de0305&xptdk=852dc38f-716f-49c7-829f-c40c25de0305
Áo thun thể thao nam Recycle Active V1 thoáng khí mát mẻ - thương hiệu Coolmate,169000,169000,,https://shopee.vn//Áo-thun-thể-thao-nam-Recycle-Active-V1-thoáng-khí-mát-mẻ-thương-hiệu-Coolmate-i.24710134.21730960254?sp_atk=ef6c8287-3d01-4736-9cd8-9f686e981f3a&xptdk=ef6c8287-3d01-4736-9cd8-9f686e981f3a
Áo Polo thể thao nam Recycle Active V1 thoáng khí mát mẻ - thương hiệu Coolmate,249000,249000,,https://shopee.vn//Áo-Polo-thể-thao-nam-Recycle-Active-V1-thoáng-khí-mát-mẻ-thương-hiệu-Coolmate-i.24710134.21031410795?sp_atk=c16e0d3b-8d89-4934-83dd-5eda99795d88&xptdk=c16e0d3b-8d89-4934-83dd-5eda99795d88
Áo Polo thể thao nam Recycle Active V2 thoáng khí nhanh khô - thương hiệu Coolmate,249000,249000,,https://shopee.vn//Áo-Polo-thể-thao-nam-Recycle-Active-V2-thoáng-khí-nhanh-khô-thương-hiệu-Coolmate-i.24710134.20931489288?sp_atk=3c4727ee-0399-4016-b4fa-bfd7cb2d36f5&xptdk=3c4727ee-0399-4016-b4fa-bfd7cb2d36f5
Áo Tank Top thể thao nam Recycle Active V1 thoáng khí mát mẻ - thương hiệu Coolmate,159000,159000,,https://shopee.vn//Áo-Tank-Top-thể-thao-nam-Recycle-Active-V1-thoáng-khí-mát-mẻ-thương-hiệu-Coolmate-i.24710134.17881344195?sp_atk=431894c6-0890-4738-9406-a3e8470b01f3&xptdk=431894c6-0890-4738-9406-a3e8470b01f3
